"abundance","AverageShortestPathLength","BetweennessCentrality","class","ClosenessCentrality","ClusteringCoefficient","degree","Eccentricity","family","genus","IsSingleNode","kingdom","Label","name","negdegree","NeighborhoodConnectivity","NumberOfDirectedEdges","NumberOfUndirectedEdges","order","oriID","PartnerOfMultiEdgedNodePairs","phylum","pi","posdegree","Radiality","samplecount","selected","SelfLoops","shared name","species","Stress","superkingdom","TopologicalCoefficient","unknowndegree"
"0.03129413316967005","1.0","0.0","Spirotrichea","1.0","0.0","1","1","Protogastrostyla family incertae sedis","Protogastrostyla","false","Alveolata","Protogastrostyla","Protogastrostyla","0","1.0","0","1","Hypotrichia","Protogastrostyla","0","Ciliophora","2","1","1.0","39","false","0","Protogastrostyla","NA","0","SAR","0.0","0"
"0.06275965240171905","1.0","0.0","Syndiniales","1.0","0.0","1","1","NA","NA","false","Alveolata","Syndiniales","Syndiniales","0","1.0","0","1","NA","Syndiniales","0","Syndiniales class incertae sedis","0","1","1.0","47","false","0","Syndiniales","NA","0","SAR","0.0","0"
"0.1460211155104865","6.907407407407407","0.0","Dinoflagellata incertae sedis","0.1447721179624665","0.0","1","15","NA","NA","false","Alveolata","Dinoflagellata-incertae-sedis","Dinoflagellata-incertae-sedis","0","5.0","0","1","NA","Dinoflagellata-incertae-sedis","0","Dinoflagellata","1","1","0.7637037037037037","51","false","0","Dinoflagellata-incertae-sedis","NA","0","SAR","0.0","0"
"0.002639084107576205","7.916666666666667","0.0","Typhlocoela","0.12631578947368421","0.0","1","13","NA","NA","false","Metazoa (Animalia)","Cydippida","Cydippida","1","3.0","0","1","Cydippida","Cydippida","0","Ctenophora","0","0","0.7233333333333333","21","false","0","Cydippida","NA","0","Opisthokonta","0.0","0"
"0.2242544391163632","7.175925925925926","0.0","Hyphochytriomycetes","0.13935483870967744","0.0","1","11","NA","NA","false","Stramenopiles","Hyphochytriales","Hyphochytriales","0","2.0","0","1","Hyphochytriales","Hyphochytriales","0","Hyphochytriomycetes phylum incertae sedis","0","1","0.7529629629629631","52","false","0","Hyphochytriales","NA","0","SAR","0.0","0"
"0.006318689481707786","5.277777777777778","0.0","Granofilosea","0.18947368421052632","0.0","1","10","NA","NA","false","Rhizaria","Granofilosea","Granofilosea","0","7.0","0","1","NA","Granofilosea","0","Cercozoa","0","1","0.8288888888888889","33","false","0","Granofilosea","NA","0","SAR","0.0","0"
"0.009324930112335417","5.277777777777778","0.0","Spirotrichea","0.18947368421052632","0.0","1","10","NA","NA","false","Alveolata","Hypotrichia","Hypotrichia","0","7.0","0","1","Hypotrichia","Hypotrichia","0","Ciliophora","0","1","0.8288888888888889","35","false","0","Hypotrichia","NA","0","SAR","0.0","0"
"0.011578167789375074","6.777777777777778","0.0","Hydrozoa","0.14754098360655737","0.0","1","12","NA","NA","false","Metazoa (Animalia)","Siphonophorae","Siphonophorae","1","8.0","0","1","Siphonophorae","Siphonophorae","0","Cnidaria","1","0","0.7688888888888888","28","false","0","Siphonophorae","NA","0","Opisthokonta","0.0","0"
"0.0020106730943574725","5.333333333333333","0.0","Acanthoecida","0.1875","0.0","1","9","Acanthoecidae","NA","false","Choanomonada","Acanthoecidae","Acanthoecidae","0","12.0","0","1","Acanthoecidae order incertae sedis","Acanthoecidae","0","Choanoflagellida","0","1","0.8266666666666667","19","false","0","Acanthoecidae","NA","0","Opisthokonta","0.0","0"
"0.26928032424335263","1.0","0.0","Imbricatea","1.0","0.0","1","1","Thaumatomonadidae","NA","false","Rhizaria","Thaumatomonadidae","Thaumatomonadidae","0","1.0","0","1","Thaumatomonadida","Thaumatomonadidae","0","Cercozoa","1","1","1.0","51","false","0","Thaumatomonadidae","NA","0","SAR","0.0","0"
"0.010827158055671936","1.0","0.0","Metromonadea","1.0","0.0","1","1","Metopion family incertae sedis","NA","false","Rhizaria","Metopion-family-incertae-sedis","Metopion-family-incertae-sedis","0","1.0","0","1","Metopion order incertae sedis","Metopion-family-incertae-sedis","0","Cercozoa","0","1","1.0","48","false","0","Metopion-family-incertae-sedis","NA","0","SAR","0.0","0"
"0.01342509466086634","6.925925925925926","0.01886465905157494","Sordariomycetes","0.1443850267379679","0.0","3","12","NA","NA","false","Fungi","Microascales","Microascales","3","2.0","0","3","Microascales","Microascales","0","Ascomycota","3","0","0.7629629629629631","26","false","0","Microascales","NA","4606","Opisthokonta","0.5","0"
"1.648879573770786","1.0","0.0","Peronosporomycetes","1.0","0.0","1","1","NA","NA","false","Stramenopiles","Peronosporomycetes","Peronosporomycetes","0","1.0","0","1","NA","Peronosporomycetes","0","Peronosporomycetes phylum incertae sedis","0","1","1.0","52","false","0","Peronosporomycetes","NA","0","SAR","0.0","0"
"0.6824838617594263","1.0","0.0","Prostomatea","1.0","0.0","1","1","Cryptocaryon family incertae sedis","Cryptocaryon","false","Alveolata","Cryptocaryon","Cryptocaryon","0","1.0","0","1","Cryptocaryon order incertae sedis","Cryptocaryon","0","Ciliophora","0","1","1.0","51","false","0","Cryptocaryon","NA","0","SAR","0.0","0"
"4.569958544213263","5.916666666666667","0.01851851851851852","NA","0.16901408450704225","0.6","5","14","NA","NA","false","Alveolata","Alveolata","Alveolata","0","11.8","0","5","NA","Alveolata","0","NA","0","5","0.8033333333333332","52","false","0","Alveolata","NA","850","SAR","0.464","0"
"1.556286625558227","5.268518518518518","0.0","Chromadorea","0.1898066783831283","0.0","1","9","NA","NA","false","Metazoa (Animalia)","Monhysterida","Monhysterida","0","16.0","0","1","Monhysterida","Monhysterida","0","Nematoda","0","1","0.8292592592592593","52","false","0","Monhysterida","NA","0","Opisthokonta","0.0","0"
"0.012363432376142455","5.268518518518518","0.02952290296527062","Imbricatea","0.1898066783831283","0.3333333333333333","3","9","Cyphoderiidae","NA","false","Rhizaria","Cyphoderiidae","Cyphoderiidae","1","6.0","0","3","Euglyphida","Cyphoderiidae","0","Cercozoa","0","2","0.8292592592592593","23","false","0","Cyphoderiidae","NA","2008","SAR","0.40476190476190477","0"
"0.004081740457466155","5.2407407407407405","0.002596053997923157","JJP-2003","0.19081272084805653","0.3333333333333333","3","9","NA","NA","false","Rhizaria","JJP-2003","JJP-2003","0","9.0","0","3","NA","JJP-2003","0","Cercozoa","0","3","0.8303703703703704","23","false","0","JJP-2003","NA","96","SAR","0.5777777777777777","0"
"0.00228816250176824","10.407407407407407","0.0","Craspedida","0.09608540925266905","0.0","1","16","NA","NA","false","Choanomonada","Craspedida","Craspedida","1","4.0","0","1","NA","Craspedida","0","Choanoflagellida","0","0","0.6237037037037038","19","false","0","Craspedida","NA","0","Opisthokonta","0.0","0"
"0.004348872257736007","4.75","0.18821391484942887","Cercozoa_07.02.2003","0.21052631578947367","0.3333333333333333","3","9","NA","NA","false","Rhizaria","Cercozoa-07.02.2003","Cercozoa-07.02.2003","1","10.666666666666666","0","3","NA","Cercozoa-07.02.2003","0","Cercozoa","0","2","0.85","21","false","0","Cercozoa-07.02.2003","NA","36032","SAR","0.49206349206349204","0"
"0.0020662279449319447","4.712962962962963","0.2032710280373832","Oligohymenophorea","0.21218074656188607","0.3333333333333333","3","9","NA","NA","false","Alveolata","Peritrichia","Peritrichia","1","9.666666666666666","0","3","Peritrichia","Peritrichia","0","Ciliophora","0","2","0.8514814814814815","19","false","0","Peritrichia","NA","35776","SAR","0.4057971014492754","0"
"0.0262155860383459","7.833333333333333","0.0","Dinophyceae","0.12765957446808512","0.0","1","16","Sinophysis family incertae sedis","Sinophysis","false","Alveolata","Sinophysis","Sinophysis","1","2.0","0","1","Dinophysiales","Sinophysis","0","Dinoflagellata","0","0","0.7266666666666667","31","false","0","Sinophysis","NA","0","SAR","0.0","0"
"0.002643602230750358","7.75","0.0","Spirotrichea","0.12903225806451613","0.0","1","13","Diophrys family incertae sedis","NA","false","Alveolata","Diophrys-family-incertae-sedis","Diophrys-family-incertae-sedis","1","2.0","0","1","Euplotia","Diophrys-family-incertae-sedis","0","Ciliophora","1","0","0.73","17","false","0","Diophrys-family-incertae-sedis","NA","0","SAR","0.0","0"
"0.07980855239245797","6.7592592592592595","0.01851851851851852","Novel Apicomplexa Class 2","0.14794520547945206","0.0","2","12","NA","NA","false","Alveolata","Novel-Apicomplexa-Class-2","Novel-Apicomplexa-Class-2","2","4.5","0","2","NA","Novel-Apicomplexa-Class-2","0","Apicomplexa","5","0","0.7696296296296297","43","false","0","Novel-Apicomplexa-Class-2","NA","2308","SAR","0.5","0"
"0.20846712745752988","5.2407407407407405","1.4422522210684206E-4","RAD B","0.19081272084805653","0.6666666666666666","3","9","NA","NA","false","Rhizaria","RAD-B","RAD-B","0","8.0","0","3","NA","RAD-B","0","Retaria","0","3","0.8303703703703704","46","false","0","RAD-B","NA","4","SAR","0.47058823529411764","0"
"0.2263182287031867","8.481481481481481","0.07199723087573555","NA","0.11790393013100438","0.0","2","14","NA","NA","false","Metazoa (Animalia)","Nematoda","Nematoda","2","3.0","0","2","NA","Nematoda","0","Nematoda","1","0","0.7007407407407408","39","false","0","Nematoda","NA","9208","Opisthokonta","0.5","0"
"0.05077721333204414","7.564814814814815","0.08913118726202839","Chaetonotida class incertae sedis","0.13219094247246022","0.0","2","13","NA","NA","false","Metazoa (Animalia)","Chaetonotida","Chaetonotida","2","2.0","0","2","Chaetonotida","Chaetonotida","0","Gastrotricha","0","0","0.7374074074074073","27","false","0","Chaetonotida","NA","11500","Opisthokonta","0.5","0"
"0.033583785735330246","5.268518518518518","0.0","Amastigomonas class incertae sedis","0.1898066783831283","0.0","1","9","Amastigomonas family incertae sedis","Amastigomonas","false","Apusozoa kingdom incertae sedis","Amastigomonas","Amastigomonas","0","16.0","0","1","Amastigomonas order incertae sedis","Amastigomonas","0","Apusozoa","0","1","0.8292592592592593","45","false","0","Amastigomonas","NA","0","Apusozoa superkingdom incertae sedis","0.0","0"
"0.004689802243703243","10.407407407407407","0.0","Paramicrosporidium class incertae sedis","0.09608540925266905","0.0","1","16","Paramicrosporidium family incertae sedis","NA","false","Cryptomycota Holomycota kingdom incertae sedis","Paramicrosporidium-family-incertae-sedis","Paramicrosporidium-family-incertae-sedis","1","4.0","0","1","Paramicrosporidium order incertae sedis","Paramicrosporidium-family-incertae-sedis","0","Cryptomycota","1","0","0.6237037037037038","35","false","0","Paramicrosporidium-family-incertae-sedis","NA","0","Opisthokonta","0.0","0"
"0.006503451845778001","6.231481481481482","0.0","Imbricatea","0.16047548291233282","1.0","2","10","Cyphoderiidae","Cyphoderia","false","Rhizaria","Cyphoderia","Cyphoderia","1","3.5","0","2","Euglyphida","Cyphoderia","0","Cercozoa","0","1","0.7907407407407407","18","false","0","Cyphoderia","NA","0","SAR","0.7","0"
"0.11963260840223712","6.777777777777778","0.0","Spirotrichea","0.14754098360655737","0.0","1","12","Strombidinopsis family incertae sedis","Strombidinopsis","false","Alveolata","Strombidinopsis","Strombidinopsis","1","8.0","0","1","Choreotrichia","Strombidinopsis","0","Ciliophora","0","0","0.7688888888888888","23","false","0","Strombidinopsis","NA","0","SAR","0.0","0"
"0.0029996997738328543","5.972222222222222","0.07217030114226376","Dinophyceae","0.16744186046511628","0.0","3","11","NA","NA","false","Alveolata","Dinophyceae-incertae-sedis","Dinophyceae-incertae-sedis","3","4.666666666666667","0","3","Dinophyceae incertae sedis","Dinophyceae-incertae-sedis","0","Dinoflagellata","0","0","0.8011111111111111","17","false","0","Dinophyceae-incertae-sedis","NA","11494","SAR","0.36666666666666664","0"
"0.018276104902552156","5.935185185185185","0.0","NA","0.1684867394695788","1.0","3","14","NA","NA","false","NA","DH147-EKD10","DH147-EKD10","0","20.333333333333332","0","3","NA","DH147-EKD10","0","NA","5","3","0.8025925925925926","44","false","0","DH147-EKD10","NA","0","DH147-EKD10","0.782051282051282","0"
"0.37265835551630266","4.824074074074074","0.0","Syndiniales","0.20729366602687138","1.0","2","11","NA","NA","false","Alveolata","Syndiniales-Group-I","Syndiniales-Group-I","0","4.0","0","2","Syndiniales Group I","Syndiniales-Group-I","0","Syndiniales class incertae sedis","0","2","0.8470370370370369","52","false","0","Syndiniales-Group-I","NA","0","SAR","0.6666666666666666","0"
"0.12673298987051607","7.092592592592593","0.0","Chrysophyceae","0.1409921671018277","0.0","1","15","NA","NA","false","Stramenopiles","E222","E222","0","3.0","0","1","E222","E222","0","Chrysophyceae phylum incertae sedis","0","1","0.7562962962962964","52","false","0","E222","NA","0","SAR","0.0","0"
"0.03890590384600514","6.101851851851852","0.01851851851851852","Bolidomonas class incertae sedis","0.16388467374810317","0.3333333333333333","3","14","Bolidomonas family incertae sedis","Bolidomonas","false","Stramenopiles","Bolidomonas","Bolidomonas","0","5.333333333333333","0","3","Bolidomonas order incertae sedis","Bolidomonas","0","Bolidomonas phylum incertae sedis","5","3","0.7959259259259259","51","false","0","Bolidomonas","NA","792","SAR","0.45454545454545453","0"
"0.01824214468665894","10.407407407407407","0.0","Polychaeta","0.09608540925266905","0.0","1","16","NA","NA","false","Metazoa (Animalia)","Eunicida","Eunicida","1","4.0","0","1","Eunicida","Eunicida","0","Annelida","0","0","0.6237037037037038","17","false","0","Eunicida","NA","0","Opisthokonta","0.0","0"
"0.02080279232375883","9.416666666666666","0.055036344755970926","Heterotardigrada","0.10619469026548674","0.0","4","15","NA","NA","false","Metazoa (Animalia)","Heterotardigrada","Heterotardigrada","4","1.25","0","4","NA","Heterotardigrada","0","Tardigrada","0","0","0.6633333333333334","23","false","0","Heterotardigrada","NA","6918","Opisthokonta","0.25","0"
"0.0015133803703796973","6.777777777777778","0.0","NA","0.14754098360655737","0.0","1","12","NA","NA","false","Discicristoidea Holomycota kingdom incertae sedis","Discicristoidea-Holomycota-kingdom-incertae-sedis","Discicristoidea-Holomycota-kingdom-incertae-sedis","1","8.0","0","1","NA","Discicristoidea-Holomycota-kingdom-incertae-sedis","0","NA","1","0","0.7688888888888888","18","false","0","Discicristoidea-Holomycota-kingdom-incertae-sedis","NA","0","Opisthokonta","0.0","0"
"0.012836829895231574","5.166666666666667","0.0","Labyrinthulomycetes","0.1935483870967742","1.0","3","9","Thraustochytriaceae","Aplanochytrium","false","Stramenopiles","Aplanochytrium","Aplanochytrium","0","13.333333333333334","0","3","Thraustochytriaceae order incertae sedis","Aplanochytrium","0","Labyrinthulomycetes phylum incertae sedis","0","3","0.8333333333333333","33","false","0","Aplanochytrium","NA","0","SAR","0.6060606060606061","0"
"0.005083735581899106","6.027777777777778","0.017653167185877467","IN2411","0.16589861751152074","0.0","2","11","NA","NA","false","Alveolata","IN2411","IN2411","2","5.5","0","2","NA","IN2411","0","Ciliophora","1","0","0.7988888888888889","24","false","0","IN2411","NA","4588","SAR","0.5625","0"
"0.2821305156406013","5.75","0.013790933419352426","Labyrinthulomycetes","0.17391304347826086","0.5777777777777777","10","14","NA","NA","false","Stramenopiles","Labyrinthulomycetes","Labyrinthulomycetes","0","14.0","0","10","NA","Labyrinthulomycetes","0","Labyrinthulomycetes phylum incertae sedis","1","10","0.81","52","false","0","Labyrinthulomycetes","NA","2364","SAR","0.4117647058823529","0"
"0.006737021055935169","4.703703703703703","0.0","Novel Clade Gran-4","0.2125984251968504","1.0","4","9","NA","NA","false","Rhizaria","Novel-Clade-Gran-4","Novel-Clade-Gran-4","0","11.5","0","4","NA","Novel-Clade-Gran-4","0","Cercozoa","0","4","0.8518518518518519","33","false","0","Novel-Clade-Gran-4","NA","0","SAR","0.5","0"
"0.09883614957091996","6.185185185185185","0.018994461751471098","Spirotrichea","0.16167664670658682","0.16666666666666666","4","10","Strombidium family incertae sedis","Strombidium","false","Alveolata","Strombidium-capitatum","Strombidium-capitatum","4","2.25","0","4","Oligotrichia","Strombidium-capitatum","0","Ciliophora","0","0","0.7925925925925926","23","false","0","Strombidium-capitatum","Strombidium capitatum","2018","SAR","0.4375","0"
"0.028173328833012316","7.175925925925926","0.0","NA","0.13935483870967744","0.0","1","11","NA","NA","false","Metazoa (Animalia)","Xenacoelomorpha","Xenacoelomorpha","1","4.0","0","1","NA","Xenacoelomorpha","0","Xenacoelomorpha","2","0","0.7529629629629631","24","false","0","Xenacoelomorpha","NA","0","Opisthokonta","0.0","0"
"0.07983334972922775","4.7592592592592595","0.007535767855082495","NA","0.2101167315175097","0.5","4","9","NA","NA","false","Rhizaria","Retaria","Retaria","0","7.0","0","4","NA","Retaria","0","Retaria","0","4","0.8496296296296296","45","false","0","Retaria","NA","676","SAR","0.35","0"
"0.00450391704284068","5.166666666666667","0.0","Discosea","0.1935483870967742","1.0","3","9","NA","NA","false","Amoebozoa (kingdom)","Flabellinia","Flabellinia","0","13.333333333333334","0","3","Flabellinia","Flabellinia","0","Lobosa","0","3","0.8333333333333333","30","false","0","Flabellinia","NA","0","Amoebozoa","0.6060606060606061","0"
"0.4138162886403359","6.472222222222222","0.0","Imbricatea","0.15450643776824033","1.0","4","15","Nudifila family incertae sedis","Nudifila","false","Rhizaria","Nudifila","Nudifila","0","17.5","0","4","Nudifila order incertae sedis","Nudifila","0","Cercozoa","5","4","0.7811111111111111","48","false","0","Nudifila","NA","0","SAR","0.6481481481481481","0"
"0.5123951791537779","6.842592592592593","0.01851851851851852","Ostracoda","0.14614343707713126","0.0","2","15","NA","NA","false","Metazoa (Animalia)","Ostracoda","Ostracoda","2","2.5","0","2","NA","Ostracoda","0","Arthropoda","0","0","0.7662962962962964","21","false","0","Ostracoda","NA","1372","Opisthokonta","0.5","0"
"0.005604627156909019","5.87037037037037","0.03669089650398062","NA","0.17034700315457413","0.5","4","14","NA","NA","false","Mesomycetozoa","Abeoformidae","Abeoformidae","1","10.5","0","4","NA","Abeoformidae","0","Abeoformidae","0","3","0.8051851851851852","46","false","0","Abeoformidae","NA","2740","Opisthokonta","0.36607142857142855","0"
"0.08062497033440721","5.212962962962963","0.03720433829468097","RAD A","0.19182948490230906","0.0","3","9","NA","NA","false","Rhizaria","RAD-A","RAD-A","0","7.0","0","3","NA","RAD-A","0","Retaria","0","3","0.8314814814814815","44","false","0","RAD-A","NA","2508","SAR","0.375","0"
"0.06865615674797225","6.185185185185185","0.01851851851851852","NA","0.16167664670658682","0.0","2","10","NA","NA","false","Stramenopiles","Peronosporomycetes-phylum-incertae-sedis","Peronosporomycetes-phylum-incertae-sedis","0","2.0","0","2","NA","Peronosporomycetes-phylum-incertae-sedis","0","Peronosporomycetes phylum incertae sedis","1","2","0.7925925925925926","50","false","0","Peronosporomycetes-phylum-incertae-sedis","NA","1244","SAR","0.5","0"
"0.008382473020506227","6.7592592592592595","0.0012980269989615785","Labyrinthulomycetes","0.14794520547945206","0.0","2","12","NA","NA","false","Stramenopiles","Thraustochytriaceae-order-incertae-sedis","Thraustochytriaceae-order-incertae-sedis","2","5.0","0","2","Thraustochytriaceae order incertae sedis","Thraustochytriaceae-order-incertae-sedis","0","Labyrinthulomycetes phylum incertae sedis","0","0","0.7696296296296297","27","false","0","Thraustochytriaceae-order-incertae-sedis","NA","30","SAR","0.5714285714285714","0"
"0.06241880594402853","7.75","0.0","Rhabdocoela class incertae sedis","0.12903225806451613","0.0","1","13","Kalyptorhynchia","NA","false","Metazoa (Animalia)","Kalyptorhynchia","Kalyptorhynchia","1","2.0","0","1","Rhabdocoela","Kalyptorhynchia","0","Platyhelminthes","0","0","0.73","33","false","0","Kalyptorhynchia","NA","0","Opisthokonta","0.0","0"
"0.0073443106581239145","7.916666666666667","0.0","Novel Clade Gran-1","0.12631578947368421","0.0","1","13","NA","NA","false","Rhizaria","Novel-Clade-Gran-1","Novel-Clade-Gran-1","1","3.0","0","1","NA","Novel-Clade-Gran-1","0","Cercozoa","3","0","0.7233333333333333","26","false","0","Novel-Clade-Gran-1","NA","0","SAR","0.0","0"
"0.009232407796362219","6.666666666666667","0.10591900311526481","Gregarinasina","0.15","0.0","2","12","Lankesteria family incertae sedis","Lankesteria","false","Alveolata","Lankesteria","Lankesteria","2","5.0","0","2","Eugregarinorida","Lankesteria","0","Apicomplexa","0","0","0.7733333333333333","21","false","0","Lankesteria","NA","13788","SAR","0.5","0"
"0.10199901754801712","6.092592592592593","0.0","Gregarinasina","0.1641337386018237","0.0","1","14","NA","NA","false","Alveolata","Gregarinasina","Gregarinasina","0","15.0","0","1","NA","Gregarinasina","0","Apicomplexa","0","1","0.7962962962962963","52","false","0","Gregarinasina","NA","0","SAR","0.0","0"
"0.005155907985953206","6.046296296296297","0.01851851851851852","Discosea","0.16539050535987748","0.0","2","11","Stygamoebida","NA","false","Amoebozoa (kingdom)","Stygamoebida","Stygamoebida","2","4.5","0","2","Flabellinia","Stygamoebida","0","Lobosa","4","0","0.798148148148148","17","false","0","Stygamoebida","NA","2308","Amoebozoa","0.5","0"
"0.10009393372554072","7.037037037037037","0.0","Polychaeta","0.14210526315789473","0.0","1","12","Paraonidae","NA","false","Metazoa (Animalia)","Paraonidae","Paraonidae","1","2.0","0","1","Paraonidae order incertae sedis","Paraonidae","0","Annelida","1","0","0.7585185185185185","30","false","0","Paraonidae","NA","0","Opisthokonta","0.0","0"
"0.02306500891295665","4.212962962962963","0.3514393677166263","Spirotrichea","0.23736263736263738","0.5333333333333333","6","9","NA","NA","false","Alveolata","Spirotrichea","Spirotrichea","0","9.166666666666666","0","6","NA","Spirotrichea","0","Ciliophora","2","6","0.8714814814814815","46","false","0","Spirotrichea","NA","72782","SAR","0.3273809523809524","0"
"0.9980864215009386","5.055555555555555","0.03340849769920363","Thecofilosea","0.19780219780219782","0.6900584795321637","19","13","NA","NA","false","Rhizaria","Thecofilosea","Thecofilosea","0","17.0","0","19","NA","Thecofilosea","0","Cercozoa","0","19","0.8377777777777777","52","false","0","Thecofilosea","NA","12486","SAR","0.4473684210526316","0"
"0.4052638130515655","5.657407407407407","0.005261022403843354","Imbricatea","0.176759410801964","0.7867647058823529","17","14","NA","NA","false","Rhizaria","Imbricatea","Imbricatea","0","17.705882352941178","0","17","NA","Imbricatea","0","Cercozoa","0","17","0.8137037037037037","52","false","0","Imbricatea","NA","4750","SAR","0.4785373608903021","0"
"0.004479051716249974","7.037037037037037","0.0","Peronosporomycetes","0.14210526315789473","0.0","1","12","Halodaphnea family incertae sedis","Halodaphnea","false","Stramenopiles","Halodaphnea","Halodaphnea","1","2.0","0","1","Halodaphnea order incertae sedis","Halodaphnea","0","Peronosporomycetes phylum incertae sedis","3","0","0.7585185185185185","23","false","0","Halodaphnea","NA","0","SAR","0.0","0"
"0.025335239367495772","6.046296296296297","0.01851851851851852","Bacillariophyceae","0.16539050535987748","0.0","2","11","Rhaphoneis family incertae sedis","Rhaphoneis","false","Stramenopiles","Rhaphoneis","Rhaphoneis","2","4.5","0","2","Rhaphoneis order incertae sedis","Rhaphoneis","0","Diatomea","0","0","0.798148148148148","33","false","0","Rhaphoneis","NA","2308","SAR","0.5","0"
"0.1639617061584431","5.787037037037037","0.24749048113534097","Macrodasyida class incertae sedis","0.17279999999999998","0.0","8","11","NA","NA","false","Metazoa (Animalia)","Macrodasyida","Macrodasyida","8","2.375","0","8","Macrodasyida","Macrodasyida","0","Gastrotricha","0","0","0.8085185185185185","34","false","0","Macrodasyida","NA","34360","Opisthokonta","0.1375","0"
"0.002240718203582226","6.7592592592592595","0.01851851851851852","Labyrinthulomycetes","0.14794520547945206","0.0","2","12","Thraustochytriaceae","Labyrinthuloides","false","Stramenopiles","Labyrinthuloides-haliotidis","Labyrinthuloides-haliotidis","2","4.5","0","2","Thraustochytriaceae order incertae sedis","Labyrinthuloides-haliotidis","0","Labyrinthulomycetes phylum incertae sedis","0","0","0.7696296296296297","19","false","0","Labyrinthuloides-haliotidis","Labyrinthuloides haliotidis","2308","SAR","0.5","0"
"2.215622587211334","6.722222222222222","0.0","NA","0.1487603305785124","1.0","2","15","NA","NA","false","Stramenopiles","Stramenopiles","Stramenopiles","0","7.5","0","2","NA","Stramenopiles","0","NA","1","2","0.7711111111111112","52","false","0","Stramenopiles","NA","0","SAR","0.6818181818181818","0"
"0.09093813454947594","5.62037037037037","0.009772217554852958","NA","0.17792421746293247","0.672514619883041","19","14","NA","NA","false","Apusozoa kingdom incertae sedis","Apusozoa","Apusozoa","0","16.473684210526315","0","19","NA","Apusozoa","0","Apusozoa","0","19","0.8151851851851852","51","false","0","Apusozoa","NA","5010","Apusozoa superkingdom incertae sedis","0.43351800554016623","0"
"0.12282560162867763","5.583333333333333","0.05225859493824395","Labyrinthulomycetes","0.17910447761194032","0.5367965367965368","22","14","NA","NA","false","Stramenopiles","PW19","PW19","0","14.863636363636363","0","22","PW19","PW19","0","Labyrinthulomycetes phylum incertae sedis","1","22","0.8166666666666668","51","false","0","PW19","NA","14850","SAR","0.37995337995337997","0"
"0.4551861033238793","5.333333333333333","0.008125649013499494","Thecofilosea","0.1875","0.6666666666666666","4","13","NA","NA","false","Rhizaria","BOLA322","BOLA322","0","12.75","0","4","BOLA322","BOLA322","0","Cercozoa","0","4","0.8266666666666667","52","false","0","BOLA322","NA","1528","SAR","0.4722222222222222","0"
"0.060056224054250186","5.87962962962963","0.006858740350320103","Labyrinthulomycetes","0.1700787401574803","0.5","5","14","Thraustochytriaceae","Thraustochytrium","false","Stramenopiles","Thraustochytrium","Thraustochytrium","0","11.8","0","5","Thraustochytriaceae order incertae sedis","Thraustochytrium","0","Labyrinthulomycetes phylum incertae sedis","1","5","0.8048148148148148","52","false","0","Thraustochytrium","NA","1646","SAR","0.42142857142857143","0"
"0.05012818886811605","5.101851851851852","0.046137783309862845","Vampyrellidae class incertae sedis","0.19600725952813067","0.5333333333333333","15","13","NA","NA","false","Rhizaria","Vampyrellidae-order-incertae-sedis","Vampyrellidae-order-incertae-sedis","0","15.0","0","15","Vampyrellidae order incertae sedis","Vampyrellidae-order-incertae-sedis","0","Cercozoa","1","15","0.835925925925926","51","false","0","Vampyrellidae-order-incertae-sedis","NA","7498","SAR","0.4036036036036036","0"
"0.7529258982617361","6.555555555555555","0.01851851851851852","Spirotrichea","0.15254237288135594","0.0","2","15","NA","NA","false","Alveolata","Oligotrichia","Oligotrichia","0","11.5","0","2","Oligotrichia","Oligotrichia","0","Ciliophora","0","2","0.7777777777777777","52","false","0","Oligotrichia","NA","4768","SAR","0.5","0"
"0.352322468138458","7.546296296296297","0.0","Imbricatea","0.13251533742331287","0.0","1","16","Peregriniidae","NA","false","Rhizaria","Peregriniidae","Peregriniidae","0","2.0","0","1","Thaumatomonadida","Peregriniidae","0","Cercozoa","0","1","0.7381481481481481","52","false","0","Peregriniidae","NA","0","SAR","0.0","0"
"0.012178568289830894","5.268518518518518","0.0","Novel Clade Gran-3","0.1898066783831283","0.0","1","9","NA","NA","false","Rhizaria","Novel-Clade-Gran-3","Novel-Clade-Gran-3","0","16.0","0","1","NA","Novel-Clade-Gran-3","0","Cercozoa","0","1","0.8292592592592593","41","false","0","Novel-Clade-Gran-3","NA","0","SAR","0.0","0"
"1.5048655755022118","5.898148148148148","0.0","NA","0.1695447409733124","1.0","5","14","NA","NA","false","Rhizaria","Cercozoa","Cercozoa","0","19.0","0","5","NA","Cercozoa","0","Cercozoa","1","5","0.804074074074074","52","false","0","Cercozoa","NA","0","SAR","0.7037037037037037","0"
"0.004514648256990017","5.907407407407407","1.3932365477581967E-4","ME-Euk-FW10","0.16927899686520376","0.8","5","14","NA","NA","false","Stramenopiles","ME-Euk-FW10","ME-Euk-FW10","0","18.0","0","5","NA","ME-Euk-FW10","0","Diatomea","2","5","0.8037037037037037","40","false","0","ME-Euk-FW10","NA","14","SAR","0.6666666666666666","0"
"0.022253916863015682","5.185185185185185","5.047882773739472E-4","Dermocystida class incertae sedis","0.19285714285714287","0.6666666666666666","4","9","Rhinosporideacae","NA","false","Mesomycetozoea","Rhinosporideacae","Rhinosporideacae","0","9.0","0","4","Dermocystida","Rhinosporideacae","0","Dermocystida phylum incertae sedis","0","4","0.8325925925925927","42","false","0","Rhinosporideacae","NA","16","Opisthokonta","0.45","0"
"0.007835433272459943","4.87962962962963","0.002823929848851967","Bacillariophyceae","0.2049335863377609","0.6","5","9","Navicula family incertae sedis","NA","false","Stramenopiles","Navicula-family-incertae-sedis","Navicula-family-incertae-sedis","0","9.4","0","5","Navicula order incertae sedis","Navicula-family-incertae-sedis","0","Diatomea","1","5","0.8448148148148148","30","false","0","Navicula-family-incertae-sedis","NA","106","SAR","0.40869565217391307","0"
"0.23048207027652556","5.75","0.013125748122531271","Dinophyceae","0.17391304347826086","0.3888888888888889","9","14","Suessiaceae","NA","false","Alveolata","Suessiaceae","Suessiaceae","0","12.777777777777779","0","9","Gymnodiniphycidae","Suessiaceae","0","Dinoflagellata","0","9","0.81","52","false","0","Suessiaceae","NA","716","SAR","0.36507936507936506","0"
"0.016484482902907785","5.222222222222222","0.041155141906868836","Bolidomonas class incertae sedis","0.19148936170212766","0.4666666666666667","6","13","Bolidomonas family incertae sedis","NA","false","Stramenopiles","Bolidomonas-family-incertae-sedis","Bolidomonas-family-incertae-sedis","0","11.166666666666666","0","6","Bolidomonas order incertae sedis","Bolidomonas-family-incertae-sedis","0","Bolidomonas phylum incertae sedis","0","6","0.8311111111111111","45","false","0","Bolidomonas-family-incertae-sedis","NA","2564","SAR","0.3383838383838384","0"
"0.3276393965969412","5.074074074074074","0.042012628617943984","Labyrinthulomycetes","0.1970802919708029","0.7058823529411765","17","13","NA","NA","false","Stramenopiles","TAGIRI-15","TAGIRI-15","0","17.176470588235293","0","17","TAGIRI-15","TAGIRI-15","0","Labyrinthulomycetes phylum incertae sedis","1","17","0.8370370370370369","52","false","0","TAGIRI-15","NA","6906","SAR","0.4520123839009288","0"
"1.1433846256213238","5.805555555555555","5.52176564637624E-4","Chytridiomycetes","0.1722488038277512","0.7","5","14","NA","NA","false","Fungi","Chytridiomycetes","Chytridiomycetes","0","16.4","0","5","NA","Chytridiomycetes","0","Chytridiomycota","5","5","0.8077777777777777","52","false","0","Chytridiomycetes","NA","54","Opisthokonta","0.5125","0"
"0.06004190122510194","5.657407407407407","0.004267984669837859","Apusomonas class incertae sedis","0.176759410801964","0.6797385620915033","18","14","Apusomonas family incertae sedis","Apusomonas","false","Apusozoa kingdom incertae sedis","Apusomonas-proboscidea","Apusomonas-proboscidea","0","16.77777777777778","0","18","Apusomonas order incertae sedis","Apusomonas-proboscidea","0","Apusozoa","0","18","0.8137037037037037","50","false","0","Apusomonas-proboscidea","Apusomonas proboscidea","340","Apusozoa superkingdom incertae sedis","0.4660493827160494","0"
"0.06886845526888287","7.916666666666667","0.0","Rhabdocoela class incertae sedis","0.12631578947368421","0.0","1","13","NA","NA","false","Metazoa (Animalia)","Rhabdocoela","Rhabdocoela","1","3.0","0","1","Rhabdocoela","Rhabdocoela","0","Platyhelminthes","0","0","0.7233333333333333","31","false","0","Rhabdocoela","NA","0","Opisthokonta","0.0","0"
"0.007825476822235344","6.925925925925926","0.03686396677050883","Imbricatea","0.1443850267379679","0.0","3","12","Pseudopirsonia family incertae sedis","NA","false","Rhizaria","Pseudopirsonia-family-incertae-sedis","Pseudopirsonia-family-incertae-sedis","3","1.6666666666666667","0","3","Marimonadida","Pseudopirsonia-family-incertae-sedis","0","Cercozoa","0","0","0.7629629629629631","28","false","0","Pseudopirsonia-family-incertae-sedis","NA","4610","SAR","0.3333333333333333","0"
"0.01811734277955021","5.962962962962963","3.46140533056421E-5","LKM11","0.16770186335403728","0.8333333333333334","4","14","NA","NA","false","Cryptomycota Holomycota kingdom incertae sedis","LKM11","LKM11","0","16.0","0","4","NA","LKM11","0","Cryptomycota","0","4","0.8014814814814816","39","false","0","LKM11","NA","2","Opisthokonta","0.6666666666666666","0"
"0.006914956062046555","5.324074074074074","0.0","NA","0.18782608695652173","0.0","1","9","NA","NA","false","Mesomycetozoa","Mesomycetozoa","Mesomycetozoa","0","12.0","0","1","NA","Mesomycetozoa","0","NA","0","1","0.8270370370370369","20","false","0","Mesomycetozoa","NA","0","Opisthokonta","0.0","0"
"0.042632441272505095","4.268518518518518","0.49844236760124616","Oligohymenophorea","0.23427331887201738","0.3333333333333333","4","10","NA","NA","false","Alveolata","Scuticociliatia","Scuticociliatia","0","4.75","0","4","Scuticociliatia","Scuticociliatia","0","Ciliophora","1","4","0.8692592592592593","48","false","0","Scuticociliatia","NA","100232","SAR","0.3392857142857143","0"
"0.8651477527417942","4.398148148148148","0.49359640013845624","NA","0.22736842105263158","0.3333333333333333","4","11","NA","NA","false","Fungi","Fungi","Fungi","0","6.75","0","4","NA","Fungi","0","NA","1","4","0.864074074074074","52","false","0","Fungi","NA","100548","Opisthokonta","0.421875","0"
"0.03845939844016505","5.657407407407407","0.0034399375261948374","Cercozoa_07.05.2004","0.176759410801964","0.7132352941176471","17","14","NA","NA","false","Rhizaria","Cercozoa-07.05.2004","Cercozoa-07.05.2004","0","17.0","0","17","NA","Cercozoa-07.05.2004","0","Cercozoa","2","17","0.8137037037037037","51","false","0","Cercozoa-07.05.2004","NA","272","SAR","0.4594594594594595","0"
"0.11394360446304971","5.064814814814815","0.029494306739917077","Imbricatea","0.19744058500914077","0.7076023391812866","19","13","NA","NA","false","Rhizaria","p15D09","p15D09","0","17.05263157894737","0","19","p15D09","p15D09","0","Cercozoa","0","19","0.8374074074074074","51","false","0","p15D09","NA","11648","SAR","0.46088193456614507","0"
"0.1681099997286248","5.62962962962963","0.00519705575343059","Syndiniales","0.17763157894736842","0.6535947712418301","18","14","NA","NA","false","Alveolata","Syndiniales-Group-II","Syndiniales-Group-II","0","16.833333333333332","0","18","Syndiniales Group II","Syndiniales-Group-II","0","Syndiniales class incertae sedis","0","18","0.8148148148148148","52","false","0","Syndiniales-Group-II","NA","422","SAR","0.44298245614035087","0"
"0.42961853173917847","5.75","0.001825497565104927","Imbricatea","0.17391304347826086","0.7222222222222222","9","14","NAMAKO-15","NA","false","Rhizaria","NAMAKO-15","NAMAKO-15","0","16.0","0","9","Marimonadida","NAMAKO-15","0","Cercozoa","0","9","0.81","52","false","0","NAMAKO-15","NA","172","SAR","0.45714285714285713","0"
"1.26720683481459","5.7407407407407405","0.0390757069515016","Chromadorea","0.17419354838709677","0.5303030303030303","12","14","NA","NA","false","Metazoa (Animalia)","Araeolaimida","Araeolaimida","0","15.083333333333334","0","12","Araeolaimida","Araeolaimida","0","Nematoda","0","12","0.8103703703703704","50","false","0","Araeolaimida","NA","6528","Opisthokonta","0.430952380952381","0"
"0.16948983401632342","6.046296296296297","0.007961232260297681","Peronosporomycetes","0.16539050535987748","0.0","2","11","Halodaphnea family incertae sedis","NA","false","Stramenopiles","Halodaphnea-family-incertae-sedis","Halodaphnea-family-incertae-sedis","2","5.0","0","2","Halodaphnea order incertae sedis","Halodaphnea-family-incertae-sedis","0","Peronosporomycetes phylum incertae sedis","1","0","0.798148148148148","29","false","0","Halodaphnea-family-incertae-sedis","NA","2276","SAR","0.5714285714285714","0"
"0.004812781422298759","5.074074074074074","0.42739702319141576","Thaliacea","0.1970802919708029","0.0","8","10","NA","NA","false","Metazoa (Animalia)","Salpida","Salpida","8","3.125","0","8","Salpida","Salpida","0","Chordata","3","0","0.8370370370370369","19","false","0","Salpida","NA","70276","Opisthokonta","0.14166666666666666","0"
"0.03429358892785723","5.2592592592592595","0.0","Oligohymenophorea","0.19014084507042253","1.0","2","10","Homalogastra family incertae sedis","Homalogastra","false","Alveolata","Homalogastra","Homalogastra","0","5.5","0","2","Scuticociliatia","Homalogastra","0","Ciliophora","0","2","0.8296296296296296","40","false","0","Homalogastra","NA","0","SAR","0.6875","0"
"0.15624170983655564","4.287037037037037","0.16922666435906317","Bacillariophyceae","0.23326133909287255","0.19047619047619047","7","9","Navicula family incertae sedis","Navicula","false","Stramenopiles","Navicula","Navicula","0","4.857142857142857","0","7","Navicula order incertae sedis","Navicula","0","Diatomea","1","7","0.8685185185185185","50","false","0","Navicula","NA","27424","SAR","0.22857142857142856","0"
"0.4195154223616672","4.592592592592593","0.2713062697991409","Imbricatea","0.21774193548387097","0.5818181818181818","11","12","NA","NA","false","Rhizaria","Marimonadida","Marimonadida","0","15.090909090909092","0","11","Marimonadida","Marimonadida","0","Cercozoa","1","11","0.8562962962962963","52","false","0","Marimonadida","NA","52940","SAR","0.40786240786240785","0"
"1.3962940472447212","4.62037037037037","0.21109041766995074","CCW10","0.21643286573146292","0.6444444444444445","10","12","NA","NA","false","Rhizaria","CCW10","CCW10","0","15.4","0","10","NA","CCW10","0","Cercozoa","1","10","0.8551851851851852","52","false","0","CCW10","NA","47564","SAR","0.44","0"
"2.1499641166561982","5.083333333333333","0.02320124645801984","Imbricatea","0.19672131147540986","0.7352941176470589","17","13","NA","NA","false","Rhizaria","Thaumatomonadida","Thaumatomonadida","0","17.470588235294116","0","17","Thaumatomonadida","Thaumatomonadida","0","Cercozoa","0","17","0.8366666666666667","51","false","0","Thaumatomonadida","NA","10080","SAR","0.47217806041335453","0"
"0.1905225718886831","5.62037037037037","0.006691414067934117","Imbricatea","0.17792421746293247","0.6368421052631579","20","14","Pseudopirsonia family incertae sedis","Pseudopirsonia","false","Rhizaria","Pseudopirsonia","Pseudopirsonia","0","16.05","0","20","Marimonadida","Pseudopirsonia","0","Cercozoa","1","20","0.8151851851851852","51","false","0","Pseudopirsonia","NA","524","SAR","0.42236842105263156","0"
"0.008287674551177916","5.712962962962963","8.895874406168324E-4","Novel Apicomplexa Class 1","0.17504051863857376","0.8545454545454545","11","14","NA","NA","false","Alveolata","Novel-Apicomplexa-Class-1","Novel-Apicomplexa-Class-1","0","19.181818181818183","0","11","NA","Novel-Apicomplexa-Class-1","0","Apicomplexa","0","11","0.8114814814814815","43","false","0","Novel-Apicomplexa-Class-1","NA","86","SAR","0.5328282828282829","0"
"0.21783544620085543","5.0092592592592595","0.06943461023152848","Amastigomonas class incertae sedis","0.19963031423290203","0.549407114624506","23","13","Amastigomonas family incertae sedis","Amastigomonas","false","Apusozoa kingdom incertae sedis","Amastigomonas-mutabilis","Amastigomonas-mutabilis","0","15.0","0","23","Amastigomonas order incertae sedis","Amastigomonas-mutabilis","0","Apusozoa","1","23","0.8396296296296296","51","false","0","Amastigomonas-mutabilis","Amastigomonas mutabilis","17428","Apusozoa superkingdom incertae sedis","0.38461538461538464","0"
"0.004559731238915337","5.25","0.024475020191531114","Amastigomonas class incertae sedis","0.19047619047619047","0.3333333333333333","3","9","Amastigomonas family incertae sedis","Amastigomonas","false","Apusozoa kingdom incertae sedis","Amastigomonas-bermudensis","Amastigomonas-bermudensis","1","9.333333333333334","0","3","Amastigomonas order incertae sedis","Amastigomonas-bermudensis","0","Apusozoa","0","2","0.83","22","false","0","Amastigomonas-bermudensis","Amastigomonas bermudensis","2678","Apusozoa superkingdom incertae sedis","0.5625","0"
"0.011190302814358233","4.333333333333333","0.17378706588208134","Chlorarachniophyta","0.23076923076923078","0.22727272727272727","12","8","NA","NA","false","Rhizaria","Chlorarachniophyta","Chlorarachniophyta","0","5.166666666666667","0","12","NA","Chlorarachniophyta","0","Cercozoa","0","12","0.8666666666666667","33","false","0","Chlorarachniophyta","NA","25684","SAR","0.20833333333333334","0"
"0.059967922482324056","5.657407407407407","0.002834083094667825","Cercomonadidae class incertae sedis","0.176759410801964","0.75","16","14","Cercomonadidae","Cercomonas","false","Rhizaria","Cercomonas","Cercomonas","0","17.6875","0","16","Cercomonadidae order incertae sedis","Cercomonas","0","Cercozoa","2","16","0.8137037037037037","49","false","0","Cercomonas","NA","266","SAR","0.4654605263157895","0"
"0.408045977719888","4.962962962962963","0.10465486754488605","Novel Clade 2","0.20149253731343283","0.4766666666666667","25","13","NA","NA","false","Rhizaria","Novel-Clade-2","Novel-Clade-2","0","14.4","0","25","NA","Novel-Clade-2","0","Cercozoa","0","25","0.8414814814814815","52","false","0","Novel-Clade-2","NA","19070","SAR","0.36","0"
"0.15902685235555952","4.981481481481482","0.06438277292302454","Labyrinthulomycetes","0.2007434944237918","0.5072463768115942","24","13","Thraustochytriaceae","Labyrinthuloides","false","Stramenopiles","Labyrinthuloides","Labyrinthuloides","0","14.625","0","24","Thraustochytriaceae order incertae sedis","Labyrinthuloides","0","Labyrinthulomycetes phylum incertae sedis","1","24","0.8407407407407408","51","false","0","Labyrinthuloides","NA","10020","SAR","0.365625","0"
"0.07721811921106235","5.87962962962963","0.0","NA","0.1700787401574803","1.0","4","14","NA","NA","false","Alveolata","Apicomplexa","Apicomplexa","0","20.0","0","4","NA","Apicomplexa","0","Apicomplexa","0","4","0.8048148148148148","52","false","0","Apicomplexa","NA","0","SAR","0.6666666666666666","0"
"0.01343487793515004","6.722222222222222","0.0","Metromonadea","0.1487603305785124","1.0","2","15","NA","NA","false","Rhizaria","Metromonadea","Metromonadea","0","7.0","0","2","NA","Metromonadea","0","Cercozoa","0","2","0.7711111111111112","42","false","0","Metromonadea","NA","0","SAR","0.5833333333333334","0"
"0.011859361560862008","6.722222222222222","0.0","Labyrinthulomycetes","0.1487603305785124","1.0","2","15","NA","NA","false","Stramenopiles","D52","D52","0","7.0","0","2","D52","D52","0","Labyrinthulomycetes phylum incertae sedis","0","2","0.7711111111111112","45","false","0","D52","NA","0","SAR","0.5833333333333334","0"
"0.3241598874941502","4.277777777777778","0.3151869158878508","Labyrinthulomycetes","0.23376623376623376","0.15833333333333333","16","8","NA","NA","false","Stramenopiles","TAGIRI-17","TAGIRI-17","0","4.5","0","16","TAGIRI-17","TAGIRI-17","0","Labyrinthulomycetes phylum incertae sedis","0","16","0.8688888888888888","51","false","0","TAGIRI-17","NA","49334","SAR","0.17708333333333334","0"
"0.006834725562048718","4.342592592592593","0.13343284873658706","NA","0.2302771855010661","0.25757575757575757","12","8","NA","NA","false","Centrohelida","Centrohelea","Centrohelea","0","5.25","0","12","NA","Centrohelea","0","Centrohelea","0","12","0.8662962962962963","27","false","0","Centrohelea","NA","23650","Hacrobia","0.2152777777777778","0"
